date,new_cases,new_deaths,total_cases,total_deaths
1/05/2020,0,0,0,0
1/06/2020,0,0,0,0
1/07/2020,0,0,0,0
1/08/2020,0,0,0,0
1/09/2020,0,0,0,0
1/10/2020,0,0,0,0
1/11/2020,0,0,0,0
1/12/2020,0,0,0,0
13/01/2020,0,0,0,0
14/01/2020,0,0,0,0
15/01/2020,0,0,0,0
16/01/2020,0,0,0,0
17/01/2020,0,0,0,0
18/01/2020,0,0,0,0
19/01/2020,0,0,0,0
20/01/2020,0,0,0,0
21/01/2020,0,0,0,0
22/01/2020,0,0,0,0
23/01/2020,0,0,0,0
24/01/2020,0,0,0,0
25/01/2020,0,0,0,0
26/01/2020,4,0,4,0
27/01/2020,0,0,4,0
28/01/2020,0,0,4,0
29/01/2020,0,0,4,0
30/01/2020,0,0,4,0
31/01/2020,0,0,4,0
2/01/2020,0,0,4,0
2/02/2020,8,0,12,0
2/03/2020,0,0,12,0
2/04/2020,0,0,12,0
2/05/2020,0,0,12,0
2/06/2020,0,0,12,0
2/07/2020,0,0,12,0
2/08/2020,0,0,12,0
2/09/2020,3,0,15,0
2/10/2020,0,0,15,0
2/11/2020,0,0,15,0
2/12/2020,0,0,15,0
13/02/2020,0,0,15,0
14/02/2020,0,0,15,0
15/02/2020,0,0,15,0
16/02/2020,0,0,15,0
17/02/2020,0,0,15,0
18/02/2020,0,0,15,0
19/02/2020,0,0,15,0
20/02/2020,0,0,15,0
21/02/2020,0,0,15,0
22/02/2020,0,0,15,0
23/02/2020,7,0,22,0
24/02/2020,0,0,22,0
25/02/2020,0,0,22,0
26/02/2020,0,0,22,0
27/02/2020,0,0,22,0
28/02/2020,0,0,22,0
29/02/2020,0,0,22,0
3/01/2020,3,0,25,0
3/02/2020,0,0,25,0
3/03/2020,0,0,25,0
3/04/2020,0,0,25,0
3/05/2020,0,0,25,0
3/06/2020,0,0,25,0
3/07/2020,0,0,25,0
3/08/2020,45,4,70,4
3/09/2020,0,0,70,4
3/10/2020,0,0,70,4
3/11/2020,0,0,70,4
3/12/2020,0,0,70,4
13/03/2020,0,0,70,4
14/03/2020,0,0,70,4
15/03/2020,179,3,249,7
16/03/2020,0,0,249,7
17/03/2020,0,0,249,7
18/03/2020,0,0,249,7
19/03/2020,0,0,249,7
20/03/2020,0,0,249,7
21/03/2020,0,0,249,7
22/03/2020,832,2,1081,9
23/03/2020,0,0,1081,9
24/03/2020,0,0,1081,9
25/03/2020,0,0,1081,9
26/03/2020,0,0,1081,9
27/03/2020,0,0,1081,9
28/03/2020,0,0,1081,9
29/03/2020,2728,7,3809,16
30/03/2020,0,0,3809,16
31/03/2020,0,0,3809,16
4/01/2020,0,0,3809,16
4/02/2020,0,0,3809,16
4/03/2020,0,0,3809,16
4/04/2020,0,0,3809,16
4/05/2020,1826,20,5635,36
4/06/2020,0,0,5635,36
4/07/2020,0,0,5635,36
4/08/2020,0,0,5635,36
4/09/2020,0,0,5635,36
4/10/2020,0,0,5635,36
4/11/2020,0,0,5635,36
4/12/2020,654,25,6289,61
13/04/2020,0,0,6289,61
14/04/2020,0,0,6289,61
15/04/2020,0,0,6289,61
16/04/2020,0,0,6289,61
17/04/2020,0,0,6289,61
18/04/2020,0,0,6289,61
19/04/2020,297,12,6586,73
20/04/2020,0,0,6586,73
21/04/2020,0,0,6586,73
22/04/2020,0,0,6586,73
23/04/2020,0,0,6586,73
24/04/2020,0,0,6586,73
25/04/2020,0,0,6586,73
26/04/2020,117,12,6703,85
27/04/2020,0,0,6703,85
28/04/2020,0,0,6703,85
29/04/2020,0,0,6703,85
30/04/2020,0,0,6703,85
5/01/2020,0,0,6703,85
5/02/2020,0,0,6703,85
5/03/2020,80,14,6783,99
5/04/2020,0,0,6783,99
5/05/2020,0,0,6783,99
5/06/2020,0,0,6783,99
5/07/2020,0,0,6783,99
5/08/2020,0,0,6783,99
5/09/2020,0,0,6783,99
5/10/2020,146,2,6929,101
5/11/2020,0,0,6929,101
5/12/2020,0,0,6929,101
13/05/2020,0,0,6929,101
14/05/2020,0,0,6929,101
15/05/2020,0,0,6929,101
16/05/2020,0,0,6929,101
17/05/2020,107,2,7036,103
18/05/2020,0,0,7036,103
19/05/2020,0,0,7036,103
20/05/2020,0,0,7036,103
21/05/2020,0,0,7036,103
22/05/2020,0,0,7036,103
23/05/2020,0,0,7036,103
24/05/2020,70,4,7106,107
25/05/2020,0,0,7106,107
26/05/2020,0,0,7106,107
27/05/2020,0,0,7106,107
28/05/2020,0,0,7106,107
29/05/2020,0,0,7106,107
30/05/2020,0,0,7106,107
31/05/2020,79,0,7185,107
6/01/2020,0,0,7185,107
6/02/2020,0,0,7185,107
6/03/2020,0,0,7185,107
6/04/2020,0,0,7185,107
6/05/2020,0,0,7185,107
6/06/2020,0,0,7185,107
6/07/2020,70,0,7255,107
6/08/2020,0,0,7255,107
6/09/2020,0,0,7255,107
6/10/2020,0,0,7255,107
6/11/2020,0,0,7255,107
6/12/2020,0,0,7255,107
13/06/2020,0,0,7255,107
14/06/2020,47,0,7302,107
15/06/2020,0,0,7302,107
16/06/2020,0,0,7302,107
17/06/2020,0,0,7302,107
18/06/2020,0,0,7302,107
19/06/2020,0,0,7302,107
20/06/2020,0,0,7302,107
21/06/2020,134,0,7436,107
22/06/2020,0,0,7436,107
23/06/2020,0,0,7436,107
24/06/2020,0,0,7436,107
25/06/2020,0,0,7436,107
26/06/2020,0,0,7436,107
27/06/2020,0,0,7436,107
28/06/2020,205,1,7641,108
29/06/2020,0,0,7641,108
30/06/2020,0,0,7641,108
7/01/2020,0,0,7641,108
7/02/2020,0,0,7641,108
7/03/2020,0,0,7641,108
7/04/2020,0,0,7641,108
7/05/2020,721,1,8362,109
7/06/2020,0,0,8362,109
7/07/2020,0,0,8362,109
7/08/2020,0,0,8362,109
7/09/2020,0,0,8362,109
7/10/2020,0,0,8362,109
7/11/2020,0,0,8362,109
7/12/2020,1191,4,9553,113
13/07/2020,0,0,9553,113
14/07/2020,0,0,9553,113
15/07/2020,0,0,9553,113
16/07/2020,0,0,9553,113
17/07/2020,0,0,9553,113
18/07/2020,0,0,9553,113
19/07/2020,1888,16,11441,129
20/07/2020,0,0,11441,129
21/07/2020,0,0,11441,129
22/07/2020,0,0,11441,129
23/07/2020,0,0,11441,129
24/07/2020,0,0,11441,129
25/07/2020,0,0,11441,129
26/07/2020,2509,45,13950,174
27/07/2020,0,0,13950,174
28/07/2020,0,0,13950,174
29/07/2020,0,0,13950,174
30/07/2020,0,0,13950,174
31/07/2020,0,0,13950,174
8/01/2020,0,0,13950,174
8/02/2020,3332,95,17282,269
8/03/2020,0,0,17282,269
8/04/2020,0,0,17282,269
8/05/2020,0,0,17282,269
8/06/2020,0,0,17282,269
8/07/2020,0,0,17282,269
8/08/2020,0,0,17282,269
8/09/2020,3416,106,20698,375
8/10/2020,0,0,20698,375
8/11/2020,0,0,20698,375
8/12/2020,0,0,20698,375
13/08/2020,0,0,20698,375
14/08/2020,0,0,20698,375
15/08/2020,0,0,20698,375
16/08/2020,2337,138,23035,513
17/08/2020,0,0,23035,513
18/08/2020,0,0,23035,513
19/08/2020,0,0,23035,513
20/08/2020,0,0,23035,513
21/08/2020,0,0,23035,513
22/08/2020,0,0,23035,513
23/08/2020,1567,114,24602,627
24/08/2020,0,0,24602,627
25/08/2020,0,0,24602,627
26/08/2020,0,0,24602,627
27/08/2020,0,0,24602,627
28/08/2020,0,0,24602,627
29/08/2020,0,0,24602,627
30/08/2020,945,97,25547,724
31/08/2020,0,0,25547,724
9/01/2020,0,0,25547,724
9/02/2020,0,0,25547,724
9/03/2020,0,0,25547,724
9/04/2020,0,0,25547,724
9/05/2020,0,0,25547,724
9/06/2020,660,58,26207,782
9/07/2020,0,0,26207,782
9/08/2020,0,0,26207,782
9/09/2020,0,0,26207,782
9/10/2020,0,0,26207,782
9/11/2020,0,0,26207,782
9/12/2020,0,0,26207,782
13/09/2020,400,46,26607,828
14/09/2020,0,0,26607,828
15/09/2020,0,0,26607,828
16/09/2020,0,0,26607,828
17/09/2020,0,0,26607,828
18/09/2020,0,0,26607,828
19/09/2020,0,0,26607,828
20/09/2020,278,36,26885,864
21/09/2020,0,0,26885,864
22/09/2020,0,0,26885,864
23/09/2020,0,0,26885,864
24/09/2020,0,0,26885,864
25/09/2020,0,0,26885,864
26/09/2020,0,0,26885,864
27/09/2020,131,23,27016,887
28/09/2020,0,0,27016,887
29/09/2020,0,0,27016,887
30/09/2020,0,0,27016,887
10/01/2020,0,0,27016,887
10/02/2020,0,0,27016,887
10/03/2020,0,0,27016,887
10/04/2020,105,19,27121,906
10/05/2020,0,0,27121,906
10/06/2020,0,0,27121,906
10/07/2020,0,0,27121,906
10/08/2020,0,0,27121,906
10/09/2020,0,0,27121,906
10/10/2020,0,0,27121,906
10/11/2020,123,5,27244,911
10/12/2020,0,0,27244,911
13/10/2020,0,0,27244,911
14/10/2020,0,0,27244,911
15/10/2020,0,0,27244,911
16/10/2020,0,0,27244,911
17/10/2020,0,0,27244,911
18/10/2020,139,1,27383,912
19/10/2020,0,0,27383,912
20/10/2020,0,0,27383,912
21/10/2020,0,0,27383,912
22/10/2020,0,0,27383,912
23/10/2020,0,0,27383,912
24/10/2020,0,0,27383,912
25/10/2020,116,2,27499,914
26/10/2020,0,0,27499,914
27/10/2020,0,0,27499,914
28/10/2020,0,0,27499,914
29/10/2020,0,0,27499,914
30/10/2020,0,0,27499,914
31/10/2020,0,0,27499,914
11/01/2020,91,0,27590,914
11/02/2020,0,0,27590,914
11/03/2020,0,0,27590,914
11/04/2020,0,0,27590,914
11/05/2020,0,0,27590,914
11/06/2020,0,0,27590,914
11/07/2020,0,0,27590,914
11/08/2020,62,0,27652,914
11/09/2020,0,0,27652,914
11/10/2020,0,0,27652,914
11/11/2020,0,0,27652,914
11/12/2020,0,0,27652,914
13/11/2020,0,0,27652,914
14/11/2020,0,0,27652,914
15/11/2020,59,3,27711,917
16/11/2020,0,0,27711,917
17/11/2020,0,0,27711,917
18/11/2020,0,0,27711,917
19/11/2020,0,0,27711,917
20/11/2020,0,0,27711,917
21/11/2020,0,0,27711,917
22/11/2020,96,0,27807,917
23/11/2020,0,0,27807,917
24/11/2020,0,0,27807,917
25/11/2020,0,0,27807,917
26/11/2020,0,0,27807,917
27/11/2020,0,0,27807,917
28/11/2020,0,0,27807,917
29/11/2020,78,1,27885,918
30/11/2020,0,0,27885,918
12/01/2020,0,0,27885,918
12/02/2020,0,0,27885,918
12/03/2020,0,0,27885,918
12/04/2020,0,0,27885,918
12/05/2020,0,0,27885,918
12/06/2020,71,1,27956,919
12/07/2020,0,0,27956,919
12/08/2020,0,0,27956,919
12/09/2020,0,0,27956,919
12/10/2020,0,0,27956,919
12/11/2020,0,0,27956,919
12/12/2020,0,0,27956,919
13/12/2020,69,0,28025,919
14/12/2020,0,0,28025,919
15/12/2020,0,0,28025,919
16/12/2020,0,0,28025,919
17/12/2020,0,0,28025,919
18/12/2020,0,0,28025,919
19/12/2020,0,0,28025,919
20/12/2020,103,0,28128,919
21/12/2020,0,0,28128,919
22/12/2020,0,0,28128,919
23/12/2020,0,0,28128,919
24/12/2020,0,0,28128,919
25/12/2020,0,0,28128,919
26/12/2020,0,0,28128,919
27/12/2020,168,1,28296,920
28/12/2020,0,0,28296,920
29/12/2020,0,0,28296,920
30/12/2020,0,0,28296,920
31/12/2020,0,0,28296,920
1/01/2021,0,0,28296,920
1/02/2021,0,0,28296,920
1/03/2021,187,2,28483,922
1/04/2021,0,0,28483,922
1/05/2021,0,0,28483,922
1/06/2021,0,0,28483,922
1/07/2021,0,0,28483,922
1/08/2021,0,0,28483,922
1/09/2021,0,0,28483,922
1/10/2021,112,0,28595,922
1/11/2021,0,0,28595,922
1/12/2021,0,0,28595,922
13/01/2021,0,0,28595,922
14/01/2021,0,0,28595,922
15/01/2021,0,0,28595,922
16/01/2021,0,0,28595,922
17/01/2021,113,1,28708,923
18/01/2021,0,0,28708,923
19/01/2021,0,0,28708,923
20/01/2021,0,0,28708,923
21/01/2021,0,0,28708,923
22/01/2021,0,0,28708,923
23/01/2021,0,0,28708,923
24/01/2021,58,0,28766,923
25/01/2021,0,0,28766,923
26/01/2021,0,0,28766,923
27/01/2021,0,0,28766,923
28/01/2021,0,0,28766,923
29/01/2021,0,0,28766,923
30/01/2021,0,0,28766,923
31/01/2021,45,0,28811,923
2/01/2021,0,0,28811,923
2/02/2021,0,0,28811,923
2/03/2021,0,0,28811,923
2/04/2021,0,0,28811,923
2/05/2021,0,0,28811,923
2/06/2021,0,0,28811,923
2/07/2021,39,0,28850,923
2/08/2021,0,0,28850,923
2/09/2021,0,0,28850,923
2/10/2021,0,0,28850,923
2/11/2021,0,0,28850,923
2/12/2021,0,0,28850,923
13/02/2021,0,0,28850,923
14/02/2021,48,0,28898,923
15/02/2021,0,0,28898,923
16/02/2021,0,0,28898,923
17/02/2021,0,0,28898,923
18/02/2021,0,0,28898,923
19/02/2021,0,0,28898,923
20/02/2021,0,0,28898,923
21/02/2021,28,1,28926,924
22/02/2021,0,0,28926,924
23/02/2021,0,0,28926,924
24/02/2021,0,0,28926,924
25/02/2021,0,0,28926,924
26/02/2021,0,0,28926,924
27/02/2021,0,0,28926,924
28/02/2021,44,0,28970,924
3/01/2021,0,0,28970,924
3/02/2021,0,0,28970,924
3/03/2021,0,0,28970,924
3/04/2021,0,0,28970,924
3/05/2021,0,0,28970,924
3/06/2021,0,0,28970,924
3/07/2021,67,0,29037,924
3/08/2021,0,0,29037,924
3/09/2021,0,0,29037,924
3/10/2021,0,0,29037,924
3/11/2021,0,0,29037,924
3/12/2021,0,0,29037,924
13/03/2021,0,0,29037,924
14/03/2021,80,1,29117,925
15/03/2021,0,0,29117,925
16/03/2021,0,0,29117,925
17/03/2021,0,0,29117,925
18/03/2021,0,0,29117,925
19/03/2021,0,0,29117,925
20/03/2021,0,0,29117,925
21/03/2021,79,0,29196,925
22/03/2021,0,0,29196,925
23/03/2021,0,0,29196,925
24/03/2021,0,0,29196,925
25/03/2021,0,0,29196,925
26/03/2021,0,0,29196,925
27/03/2021,0,0,29196,925
28/03/2021,64,0,29260,925
29/03/2021,0,0,29260,925
30/03/2021,0,0,29260,925
31/03/2021,0,0,29260,925
4/01/2021,0,0,29260,925
4/02/2021,0,0,29260,925
4/03/2021,0,0,29260,925
4/04/2021,88,1,29348,926
4/05/2021,0,0,29348,926
4/06/2021,0,0,29348,926
4/07/2021,0,0,29348,926
4/08/2021,0,0,29348,926
4/09/2021,0,0,29348,926
4/10/2021,0,0,29348,926
4/11/2021,57,0,29405,926
4/12/2021,0,0,29405,926
13/04/2021,0,0,29405,926
14/04/2021,0,0,29405,926
15/04/2021,0,0,29405,926
16/04/2021,0,0,29405,926
17/04/2021,0,0,29405,926
18/04/2021,114,2,29519,928
19/04/2021,0,0,29519,928
20/04/2021,0,0,29519,928
21/04/2021,0,0,29519,928
22/04/2021,0,0,29519,928
23/04/2021,0,0,29519,928
24/04/2021,0,0,29519,928
25/04/2021,147,0,29666,928
26/04/2021,0,0,29666,928
27/04/2021,0,0,29666,928
28/04/2021,0,0,29666,928
29/04/2021,0,0,29666,928
30/04/2021,0,0,29666,928
5/01/2021,0,0,29666,928
5/02/2021,160,0,29826,928
5/03/2021,0,0,29826,928
5/04/2021,0,0,29826,928
5/05/2021,0,0,29826,928
5/06/2021,0,0,29826,928
5/07/2021,0,0,29826,928
5/08/2021,0,0,29826,928
5/09/2021,97,0,29923,928
5/10/2021,0,0,29923,928
5/11/2021,0,0,29923,928
5/12/2021,0,0,29923,928
13/05/2021,0,0,29923,928
14/05/2021,0,0,29923,928
15/05/2021,0,0,29923,928
16/05/2021,52,0,29975,928
17/05/2021,0,0,29975,928
18/05/2021,0,0,29975,928
19/05/2021,0,0,29975,928
20/05/2021,0,0,29975,928
21/05/2021,0,0,29975,928
22/05/2021,0,0,29975,928
23/05/2021,36,0,30011,928
24/05/2021,0,0,30011,928
25/05/2021,0,0,30011,928
26/05/2021,0,0,30011,928
27/05/2021,0,0,30011,928
28/05/2021,0,0,30011,928
29/05/2021,0,0,30011,928
30/05/2021,87,0,30098,928
31/05/2021,0,0,30098,928
6/01/2021,0,0,30098,928
6/02/2021,0,0,30098,928
6/03/2021,0,0,30098,928
6/04/2021,0,0,30098,928
6/05/2021,0,0,30098,928
6/06/2021,357,0,30455,928
6/07/2021,0,0,30455,928
6/08/2021,0,0,30455,928
6/09/2021,0,0,30455,928
6/10/2021,0,0,30455,928
6/11/2021,0,0,30455,928
6/12/2021,0,0,30455,928
13/06/2021,58,0,30513,928
14/06/2021,0,0,30513,928
15/06/2021,0,0,30513,928
16/06/2021,0,0,30513,928
17/06/2021,0,0,30513,928
18/06/2021,0,0,30513,928
19/06/2021,0,0,30513,928
20/06/2021,87,0,30600,928
21/06/2021,0,0,30600,928
22/06/2021,0,0,30600,928
23/06/2021,0,0,30600,928
24/06/2021,0,0,30600,928
25/06/2021,0,0,30600,928
26/06/2021,0,0,30600,928
27/06/2021,235,0,30835,928
28/06/2021,0,0,30835,928
29/06/2021,0,0,30835,928
30/06/2021,0,0,30835,928
7/01/2021,0,0,30835,928
7/02/2021,0,0,30835,928
7/03/2021,0,0,30835,928
7/04/2021,276,0,31111,928
7/05/2021,0,0,31111,928
7/06/2021,0,0,31111,928
7/07/2021,0,0,31111,928
7/08/2021,0,0,31111,928
7/09/2021,0,0,31111,928
7/10/2021,0,0,31111,928
7/11/2021,549,2,31660,930
7/12/2021,0,0,31660,930
13/07/2021,0,0,31660,930
14/07/2021,0,0,31660,930
15/07/2021,0,0,31660,930
16/07/2021,0,0,31660,930
17/07/2021,0,0,31660,930
18/07/2021,875,5,32535,935
19/07/2021,0,0,32535,935
20/07/2021,0,0,32535,935
21/07/2021,0,0,32535,935
22/07/2021,0,0,32535,935
23/07/2021,0,0,32535,935
24/07/2021,0,0,32535,935
25/07/2021,1260,5,33795,940
26/07/2021,0,0,33795,940
27/07/2021,0,0,33795,940
28/07/2021,0,0,33795,940
29/07/2021,0,0,33795,940
30/07/2021,0,0,33795,940
31/07/2021,0,0,33795,940
8/01/2021,1667,7,35462,947
8/02/2021,0,0,35462,947
8/03/2021,0,0,35462,947
8/04/2021,0,0,35462,947
8/05/2021,0,0,35462,947
8/06/2021,0,0,35462,947
8/07/2021,0,0,35462,947
8/08/2021,2313,16,37775,963
8/09/2021,0,0,37775,963
8/10/2021,0,0,37775,963
8/11/2021,0,0,37775,963
8/12/2021,0,0,37775,963
13/08/2021,0,0,37775,963
14/08/2021,0,0,37775,963
15/08/2021,3613,27,41388,990
16/08/2021,0,0,41388,990
17/08/2021,0,0,41388,990
18/08/2021,0,0,41388,990
19/08/2021,0,0,41388,990
20/08/2021,0,0,41388,990
21/08/2021,0,0,41388,990
22/08/2021,6133,22,47521,1012
23/08/2021,0,0,47521,1012
24/08/2021,0,0,47521,1012
25/08/2021,0,0,47521,1012
26/08/2021,0,0,47521,1012
27/08/2021,0,0,47521,1012
28/08/2021,0,0,47521,1012
29/08/2021,8140,20,55661,1032
30/08/2021,0,0,55661,1032
31/08/2021,0,0,55661,1032
9/01/2021,0,0,55661,1032
9/02/2021,0,0,55661,1032
9/03/2021,0,0,55661,1032
9/04/2021,0,0,55661,1032
9/05/2021,11094,52,66755,1084
9/06/2021,0,0,66755,1084
9/07/2021,0,0,66755,1084
9/08/2021,0,0,66755,1084
9/09/2021,0,0,66755,1084
9/10/2021,0,0,66755,1084
9/11/2021,0,0,66755,1084
9/12/2021,12596,56,79351,1140
13/09/2021,0,0,79351,1140
14/09/2021,0,0,79351,1140
15/09/2021,0,0,79351,1140
16/09/2021,0,0,79351,1140
17/09/2021,0,0,79351,1140
18/09/2021,0,0,79351,1140
19/09/2021,12301,77,91652,1217
20/09/2021,0,0,91652,1217
21/09/2021,0,0,91652,1217
22/09/2021,0,0,91652,1217
23/09/2021,0,0,91652,1217
24/09/2021,0,0,91652,1217
25/09/2021,0,0,91652,1217
26/09/2021,12498,95,104150,1312
27/09/2021,0,0,104150,1312
28/09/2021,0,0,104150,1312
29/09/2021,0,0,104150,1312
30/09/2021,0,0,104150,1312
10/01/2021,0,0,104150,1312
10/02/2021,0,0,104150,1312
10/03/2021,15401,110,119551,1422
10/04/2021,0,0,119551,1422
10/05/2021,0,0,119551,1422
10/06/2021,0,0,119551,1422
10/07/2021,0,0,119551,1422
10/08/2021,0,0,119551,1422
10/09/2021,0,0,119551,1422
10/10/2021,15281,119,134832,1541
10/11/2021,0,0,134832,1541
10/12/2021,0,0,134832,1541
13/10/2021,0,0,134832,1541
14/10/2021,0,0,134832,1541
15/10/2021,0,0,134832,1541
16/10/2021,0,0,134832,1541
17/10/2021,15347,105,150179,1646
18/10/2021,0,0,150179,1646
19/10/2021,0,0,150179,1646
20/10/2021,0,0,150179,1646
21/10/2021,0,0,150179,1646
22/10/2021,0,0,150179,1646
23/10/2021,0,0,150179,1646
24/10/2021,13759,108,163938,1754
25/10/2021,0,0,163938,1754
26/10/2021,0,0,163938,1754
27/10/2021,0,0,163938,1754
28/10/2021,0,0,163938,1754
29/10/2021,0,0,163938,1754
30/10/2021,0,0,163938,1754
31/10/2021,10046,112,173984,1866
11/01/2021,0,0,173984,1866
11/02/2021,0,0,173984,1866
11/03/2021,0,0,173984,1866
11/04/2021,0,0,173984,1866
11/05/2021,0,0,173984,1866
11/06/2021,0,0,173984,1866
11/07/2021,9666,97,183650,1963
11/08/2021,0,0,183650,1963
11/09/2021,0,0,183650,1963
11/10/2021,0,0,183650,1963
11/11/2021,0,0,183650,1963
11/12/2021,0,0,183650,1963
13/11/2021,0,0,183650,1963
14/11/2021,8701,66,192351,2029
15/11/2021,0,0,192351,2029
16/11/2021,0,0,192351,2029
17/11/2021,0,0,192351,2029
18/11/2021,0,0,192351,2029
19/11/2021,0,0,192351,2029
20/11/2021,0,0,192351,2029
21/11/2021,9330,81,201681,2110
22/11/2021,0,0,201681,2110
23/11/2021,0,0,201681,2110
24/11/2021,0,0,201681,2110
25/11/2021,0,0,201681,2110
26/11/2021,0,0,201681,2110
27/11/2021,0,0,201681,2110
28/11/2021,9744,56,211425,2166
29/11/2021,0,0,211425,2166
30/11/2021,0,0,211425,2166
12/01/2021,0,0,211425,2166
12/02/2021,0,0,211425,2166
12/03/2021,0,0,211425,2166
12/04/2021,0,0,211425,2166
12/05/2021,10526,52,221951,2218
12/06/2021,0,0,221951,2218
12/07/2021,0,0,221951,2218
12/08/2021,0,0,221951,2218
12/09/2021,0,0,221951,2218
12/10/2021,0,0,221951,2218
12/11/2021,0,0,221951,2218
12/12/2021,13403,36,235354,2254
13/12/2021,0,0,235354,2254
14/12/2021,0,0,235354,2254
15/12/2021,0,0,235354,2254
16/12/2021,0,0,235354,2254
17/12/2021,0,0,235354,2254
18/12/2021,0,0,235354,2254
19/12/2021,31489,54,266843,2308
20/12/2021,0,0,266843,2308
21/12/2021,0,0,266843,2308
22/12/2021,0,0,266843,2308
23/12/2021,0,0,266843,2308
24/12/2021,0,0,266843,2308
25/12/2021,0,0,266843,2308
26/12/2021,99764,69,366607,2377
27/12/2021,0,0,366607,2377
28/12/2021,0,0,366607,2377
29/12/2021,0,0,366607,2377
30/12/2021,0,0,366607,2377
31/12/2021,0,0,366607,2377
1/01/2022,0,0,366607,2377
1/02/2022,289614,103,656221,2480
1/03/2022,0,0,656221,2480
1/04/2022,0,0,656221,2480
1/05/2022,0,0,656221,2480
1/06/2022,0,0,656221,2480
1/07/2022,0,0,656221,2480
1/08/2022,0,0,656221,2480
1/09/2022,588813,219,1245034,2699
1/10/2022,0,0,1245034,2699
1/11/2022,0,0,1245034,2699
1/12/2022,0,0,1245034,2699
13/01/2022,0,0,1245034,2699
14/01/2022,0,0,1245034,2699
15/01/2022,0,0,1245034,2699
16/01/2022,462325,440,1707359,3139
17/01/2022,0,0,1707359,3139
18/01/2022,0,0,1707359,3139
19/01/2022,0,0,1707359,3139
20/01/2022,0,0,1707359,3139
21/01/2022,0,0,1707359,3139
22/01/2022,0,0,1707359,3139
23/01/2022,347960,660,2055319,3799
24/01/2022,0,0,2055319,3799
25/01/2022,0,0,2055319,3799
26/01/2022,0,0,2055319,3799
27/01/2022,0,0,2055319,3799
28/01/2022,0,0,2055319,3799
29/01/2022,0,0,2055319,3799
30/01/2022,267817,670,2323136,4469
31/01/2022,0,0,2323136,4469
2/01/2022,0,0,2323136,4469
2/02/2022,0,0,2323136,4469
2/03/2022,0,0,2323136,4469
2/04/2022,0,0,2323136,4469
2/05/2022,0,0,2323136,4469
2/06/2022,201112,581,2524248,5050
2/07/2022,0,0,2524248,5050
2/08/2022,0,0,2524248,5050
2/09/2022,0,0,2524248,5050
2/10/2022,0,0,2524248,5050
2/11/2022,0,0,2524248,5050
2/12/2022,0,0,2524248,5050
13/02/2022,171754,436,2696002,5486
14/02/2022,0,0,2696002,5486
15/02/2022,0,0,2696002,5486
16/02/2022,0,0,2696002,5486
17/02/2022,0,0,2696002,5486
18/02/2022,0,0,2696002,5486
19/02/2022,0,0,2696002,5486
20/02/2022,160429,324,2856431,5810
21/02/2022,0,0,2856431,5810
22/02/2022,0,0,2856431,5810
23/02/2022,0,0,2856431,5810
24/02/2022,0,0,2856431,5810
25/02/2022,0,0,2856431,5810
26/02/2022,0,0,2856431,5810
27/02/2022,160402,242,3016833,6052
28/02/2022,0,0,3016833,6052
3/01/2022,0,0,3016833,6052
3/02/2022,0,0,3016833,6052
3/03/2022,0,0,3016833,6052
3/04/2022,0,0,3016833,6052
3/05/2022,0,0,3016833,6052
3/06/2022,195717,151,3212550,6203
3/07/2022,0,0,3212550,6203
3/08/2022,0,0,3212550,6203
3/09/2022,0,0,3212550,6203
3/10/2022,0,0,3212550,6203
3/11/2022,0,0,3212550,6203
3/12/2022,0,0,3212550,6203
13/03/2022,241848,140,3454398,6343
14/03/2022,0,0,3454398,6343
15/03/2022,0,0,3454398,6343
16/03/2022,0,0,3454398,6343
17/03/2022,0,0,3454398,6343
18/03/2022,0,0,3454398,6343
19/03/2022,0,0,3454398,6343
20/03/2022,327240,139,3781638,6482
21/03/2022,0,0,3781638,6482
22/03/2022,0,0,3781638,6482
23/03/2022,0,0,3781638,6482
24/03/2022,0,0,3781638,6482
25/03/2022,0,0,3781638,6482
26/03/2022,0,0,3781638,6482
27/03/2022,385762,149,4167400,6631
28/03/2022,0,0,4167400,6631
29/03/2022,0,0,4167400,6631
30/03/2022,0,0,4167400,6631
31/03/2022,0,0,4167400,6631
4/01/2022,0,0,4167400,6631
4/02/2022,0,0,4167400,6631
4/03/2022,395982,200,4563382,6831
4/04/2022,0,0,4563382,6831
4/05/2022,0,0,4563382,6831
4/06/2022,0,0,4563382,6831
4/07/2022,0,0,4563382,6831
4/08/2022,0,0,4563382,6831
4/09/2022,0,0,4563382,6831
4/10/2022,359765,198,4923147,7029
4/11/2022,0,0,4923147,7029
4/12/2022,0,0,4923147,7029
13/04/2022,0,0,4923147,7029
14/04/2022,0,0,4923147,7029
15/04/2022,0,0,4923147,7029
16/04/2022,0,0,4923147,7029
17/04/2022,306184,250,5229331,7279
18/04/2022,0,0,5229331,7279
19/04/2022,0,0,5229331,7279
20/04/2022,0,0,5229331,7279
21/04/2022,0,0,5229331,7279
22/04/2022,0,0,5229331,7279
23/04/2022,0,0,5229331,7279
24/04/2022,289282,315,5518613,7594
25/04/2022,0,0,5518613,7594
26/04/2022,0,0,5518613,7594
27/04/2022,0,0,5518613,7594
28/04/2022,0,0,5518613,7594
29/04/2022,0,0,5518613,7594
30/04/2022,0,0,5518613,7594
5/01/2022,272054,295,5790667,7889
5/02/2022,0,0,5790667,7889
5/03/2022,0,0,5790667,7889
5/04/2022,0,0,5790667,7889
5/05/2022,0,0,5790667,7889
5/06/2022,0,0,5790667,7889
5/07/2022,0,0,5790667,7889
5/08/2022,304061,315,6094728,8204
5/09/2022,0,0,6094728,8204
5/10/2022,0,0,6094728,8204
5/11/2022,0,0,6094728,8204
5/12/2022,0,0,6094728,8204
13/05/2022,0,0,6094728,8204
14/05/2022,0,0,6094728,8204
15/05/2022,350375,339,6445103,8543
16/05/2022,0,0,6445103,8543
17/05/2022,0,0,6445103,8543
18/05/2022,0,0,6445103,8543
19/05/2022,0,0,6445103,8543
20/05/2022,0,0,6445103,8543
21/05/2022,0,0,6445103,8543
22/05/2022,311716,317,6756819,8860
23/05/2022,0,0,6756819,8860
24/05/2022,0,0,6756819,8860
25/05/2022,0,0,6756819,8860
26/05/2022,0,0,6756819,8860
27/05/2022,0,0,6756819,8860
28/05/2022,0,0,6756819,8860
29/05/2022,240429,344,6997248,9204
30/05/2022,0,0,6997248,9204
31/05/2022,0,0,6997248,9204
6/01/2022,0,0,6997248,9204
6/02/2022,0,0,6997248,9204
6/03/2022,0,0,6997248,9204
6/04/2022,0,0,6997248,9204
6/05/2022,199964,375,7197212,9579
6/06/2022,0,0,7197212,9579
6/07/2022,0,0,7197212,9579
6/08/2022,0,0,7197212,9579
6/09/2022,0,0,7197212,9579
6/10/2022,0,0,7197212,9579
6/11/2022,0,0,7197212,9579
6/12/2022,184472,331,7381684,9910
13/06/2022,0,0,7381684,9910
14/06/2022,0,0,7381684,9910
15/06/2022,0,0,7381684,9910
16/06/2022,0,0,7381684,9910
17/06/2022,0,0,7381684,9910
18/06/2022,0,0,7381684,9910
19/06/2022,191043,344,7572727,10254
20/06/2022,0,0,7572727,10254
21/06/2022,0,0,7572727,10254
22/06/2022,0,0,7572727,10254
23/06/2022,0,0,7572727,10254
24/06/2022,0,0,7572727,10254
25/06/2022,0,0,7572727,10254
26/06/2022,204308,324,7777035,10578
27/06/2022,0,0,7777035,10578
28/06/2022,0,0,7777035,10578
29/06/2022,0,0,7777035,10578
30/06/2022,0,0,7777035,10578
7/01/2022,0,0,7777035,10578
7/02/2022,0,0,7777035,10578
7/03/2022,0,344,7777035,10922
7/04/2022,0,0,7777035,10922
7/05/2022,0,0,7777035,10922
7/06/2022,0,0,7777035,10922
7/07/2022,0,0,7777035,10922
7/08/2022,0,0,7777035,10922
7/09/2022,0,0,7777035,10922
7/10/2022,243697,400,8020732,11322
7/11/2022,0,0,8020732,11322
7/12/2022,0,0,8020732,11322
13/07/2022,0,0,8020732,11322
14/07/2022,0,0,8020732,11322
15/07/2022,0,0,8020732,11322
16/07/2022,0,0,8020732,11322
17/07/2022,271605,451,8292337,11773
18/07/2022,0,0,8292337,11773
19/07/2022,0,0,8292337,11773
20/07/2022,0,0,8292337,11773
21/07/2022,0,0,8292337,11773
22/07/2022,0,0,8292337,11773
23/07/2022,0,0,8292337,11773
24/07/2022,303029,607,8595366,12380
25/07/2022,0,0,8595366,12380
26/07/2022,0,0,8595366,12380
27/07/2022,0,0,8595366,12380
28/07/2022,0,0,8595366,12380
29/07/2022,0,0,8595366,12380
30/07/2022,0,0,8595366,12380
31/07/2022,319779,618,8915145,12998
8/01/2022,0,0,8915145,12998
8/02/2022,0,0,8915145,12998
8/03/2022,0,0,8915145,12998
8/04/2022,0,0,8915145,12998
8/05/2022,0,0,8915145,12998
8/06/2022,0,0,8915145,12998
8/07/2022,259334,603,9174479,13601
8/08/2022,0,0,9174479,13601
8/09/2022,0,0,9174479,13601
8/10/2022,0,0,9174479,13601
8/11/2022,0,0,9174479,13601
8/12/2022,0,0,9174479,13601
13/08/2022,0,0,9174479,13601
14/08/2022,200397,526,9374876,14127
15/08/2022,0,0,9374876,14127
16/08/2022,0,0,9374876,14127
17/08/2022,0,0,9374876,14127
18/08/2022,0,0,9374876,14127
19/08/2022,0,0,9374876,14127
20/08/2022,0,0,9374876,14127
21/08/2022,139178,375,9514054,14502
22/08/2022,0,0,9514054,14502
23/08/2022,0,0,9514054,14502
24/08/2022,0,0,9514054,14502
25/08/2022,0,0,9514054,14502
26/08/2022,0,0,9514054,14502
27/08/2022,0,0,9514054,14502
28/08/2022,103184,329,9617238,14831
29/08/2022,0,0,9617238,14831
30/08/2022,0,0,9617238,14831
31/08/2022,0,0,9617238,14831
9/01/2022,0,0,9617238,14831
9/02/2022,0,0,9617238,14831
9/03/2022,0,0,9617238,14831
9/04/2022,79985,240,9697223,15071
9/05/2022,0,0,9697223,15071
9/06/2022,0,0,9697223,15071
9/07/2022,0,0,9697223,15071
9/08/2022,0,0,9697223,15071
9/09/2022,0,0,9697223,15071
9/10/2022,0,0,9697223,15071
9/11/2022,63392,214,9760615,15285
9/12/2022,0,0,9760615,15285
13/09/2022,0,0,9760615,15285
14/09/2022,0,0,9760615,15285
15/09/2022,0,0,9760615,15285
16/09/2022,0,0,9760615,15285
17/09/2022,0,0,9760615,15285
18/09/2022,51273,184,9811888,15469
19/09/2022,0,0,9811888,15469
20/09/2022,0,0,9811888,15469
21/09/2022,0,0,9811888,15469
22/09/2022,0,0,9811888,15469
23/09/2022,0,0,9811888,15469
24/09/2022,0,0,9811888,15469
25/09/2022,43401,147,9855289,15616
26/09/2022,0,0,9855289,15616
27/09/2022,0,0,9855289,15616
28/09/2022,0,0,9855289,15616
29/09/2022,0,0,9855289,15616
30/09/2022,0,0,9855289,15616
10/01/2022,0,0,9855289,15616
10/02/2022,37578,113,9892867,15729
10/03/2022,0,0,9892867,15729
10/04/2022,0,0,9892867,15729
10/05/2022,0,0,9892867,15729
10/06/2022,0,0,9892867,15729
10/07/2022,0,0,9892867,15729
10/08/2022,0,0,9892867,15729
10/09/2022,38674,102,9931541,15831
10/10/2022,0,0,9931541,15831
10/11/2022,0,0,9931541,15831
10/12/2022,0,0,9931541,15831
13/10/2022,0,0,9931541,15831
14/10/2022,0,0,9931541,15831
15/10/2022,0,0,9931541,15831
16/10/2022,31327,74,9962868,15905
17/10/2022,0,0,9962868,15905
18/10/2022,0,0,9962868,15905
19/10/2022,0,0,9962868,15905
20/10/2022,0,0,9962868,15905
21/10/2022,0,0,9962868,15905
22/10/2022,0,0,9962868,15905
23/10/2022,29620,103,9992488,16008
24/10/2022,0,0,9992488,16008
25/10/2022,0,0,9992488,16008
26/10/2022,0,0,9992488,16008
27/10/2022,0,0,9992488,16008
28/10/2022,0,0,9992488,16008
29/10/2022,0,0,9992488,16008
30/10/2022,30363,85,10022851,16093
31/10/2022,0,0,10022851,16093
11/01/2022,0,0,10022851,16093
11/02/2022,0,0,10022851,16093
11/03/2022,0,0,10022851,16093
11/04/2022,0,0,10022851,16093
11/05/2022,0,0,10022851,16093
11/06/2022,35763,111,10058614,16204
11/07/2022,0,0,10058614,16204
11/08/2022,0,0,10058614,16204
11/09/2022,0,0,10058614,16204
11/10/2022,0,0,10058614,16204
11/11/2022,0,0,10058614,16204
11/12/2022,0,0,10058614,16204
13/11/2022,52310,116,10110924,16320
14/11/2022,0,0,10110924,16320
15/11/2022,0,0,10110924,16320
16/11/2022,0,0,10110924,16320
17/11/2022,0,0,10110924,16320
18/11/2022,0,0,10110924,16320
19/11/2022,0,0,10110924,16320
20/11/2022,73573,154,10184497,16474
21/11/2022,0,0,10184497,16474
22/11/2022,0,0,10184497,16474
23/11/2022,0,0,10184497,16474
24/11/2022,0,0,10184497,16474
25/11/2022,0,0,10184497,16474
26/11/2022,0,0,10184497,16474
27/11/2022,83407,178,10267904,16652
28/11/2022,0,0,10267904,16652
29/11/2022,0,0,10267904,16652
30/11/2022,0,0,10267904,16652
12/01/2022,0,0,10267904,16652
12/02/2022,0,0,10267904,16652
12/03/2022,0,0,10267904,16652
12/04/2022,97897,259,10365801,16911
12/05/2022,0,0,10365801,16911
12/06/2022,0,0,10365801,16911
12/07/2022,0,0,10365801,16911
12/08/2022,0,0,10365801,16911
12/09/2022,0,0,10365801,16911
12/10/2022,0,0,10365801,16911
12/11/2022,107902,272,10473703,17183
12/12/2022,0,0,10473703,17183
13/12/2022,0,0,10473703,17183
14/12/2022,0,0,10473703,17183
15/12/2022,0,0,10473703,17183
16/12/2022,0,0,10473703,17183
17/12/2022,0,0,10473703,17183
18/12/2022,112016,299,10585719,17482
19/12/2022,0,0,10585719,17482
20/12/2022,0,0,10585719,17482
21/12/2022,0,0,10585719,17482
22/12/2022,0,0,10585719,17482
23/12/2022,0,0,10585719,17482
24/12/2022,0,0,10585719,17482
25/12/2022,108322,334,10694041,17816
26/12/2022,0,0,10694041,17816
27/12/2022,0,0,10694041,17816
28/12/2022,0,0,10694041,17816
29/12/2022,0,0,10694041,17816
30/12/2022,0,0,10694041,17816
31/12/2022,0,0,10694041,17816
